Rank,Company,ContactName,Email,Subject,Body
1,MooiCV,Pim,info@mooicv.nl,Korte vraag over cv-opmaak voor klanten,"Hoi Pim,

Ik kwam MooiCV tegen en zag dat jullie klanten helpen met professionele cv's, sollicitatiebrieven en LinkedIn-profielen.

Ik heb WerkCV.nl gebouwd, een Nederlandse cv-builder speciaal voor de NL arbeidsmarkt. Ik ben aan het onderzoeken of dit praktisch nuttig is voor mensen die cv's voor klanten schrijven: jij blijft focussen op inhoud en tekst, terwijl WerkCV de opmaak, structuur en PDF automatisch strak zet.

Herken je dat Word-templates, opmaak en revisies soms meer tijd kosten dan het schrijven zelf?

Als je wilt, kan ik kort laten zien hoe het werkt of gewoon een testlink sturen. Geen verkooppitch; ik wil vooral begrijpen of dit in jullie proces past.

Als dit niet relevant is, laat het gerust weten; dan laat ik het hierbij.

Groet,
Dhinesh
WerkCV.nl"
2,UniekCV,,info@uniekcv.nl,Korte vraag over cv-opmaak voor klanten,"Hoi,

Ik kwam UniekCV tegen en zag dat jullie klanten helpen met een cv op maat en motivatiebrief.

Ik heb WerkCV.nl gebouwd, een Nederlandse cv-builder speciaal voor de NL arbeidsmarkt. Ik ben aan het onderzoeken of dit praktisch nuttig is voor mensen die cv's voor klanten schrijven: jij blijft focussen op inhoud en tekst, terwijl WerkCV de opmaak, structuur en PDF automatisch strak zet.

Herken je dat Word-templates, opmaak en revisies soms meer tijd kosten dan het schrijven zelf?

Als je wilt, kan ik kort laten zien hoe het werkt of gewoon een testlink sturen. Geen verkooppitch; ik wil vooral begrijpen of dit in jullie proces past.

Als dit niet relevant is, laat het gerust weten; dan laat ik het hierbij.

Groet,
Dhinesh
WerkCV.nl"
3,Quality Resume Services,Rob,rob@qualityresumeservices.com,Korte vraag over cv-opmaak voor klanten,"Hoi Rob,

Ik kwam Quality Resume Services tegen en zag dat je klanten helpt met professionele cv's, LinkedIn-profielen en motivatiebrieven.

Ik heb WerkCV.nl gebouwd, een Nederlandse cv-builder speciaal voor de NL arbeidsmarkt. Ik ben aan het onderzoeken of dit praktisch nuttig is voor mensen die cv's voor klanten schrijven: jij blijft focussen op inhoud en tekst, terwijl WerkCV de opmaak, structuur en PDF automatisch strak zet.

Herken je dat Word-templates, opmaak en revisies soms meer tijd kosten dan het schrijven zelf?

Als je wilt, kan ik kort laten zien hoe het werkt of gewoon een testlink sturen. Geen verkooppitch; ik wil vooral begrijpen of dit in je proces past.

Als dit niet relevant is, laat het gerust weten; dan laat ik het hierbij.

Groet,
Dhinesh
WerkCV.nl"
4,Sollicitatiedokter,Gaby,g.walraven@employou.nl,Korte vraag over cv-opmaak voor klanten,"Hoi Gaby,

Ik kwam Sollicitatiedokter tegen en zag dat jullie klanten helpen met cv's, sollicitatiebrieven en LinkedIn-profielen.

Ik heb WerkCV.nl gebouwd, een Nederlandse cv-builder speciaal voor de NL arbeidsmarkt. Ik ben aan het onderzoeken of dit praktisch nuttig is voor mensen die cv's voor klanten schrijven: jij blijft focussen op inhoud en tekst, terwijl WerkCV de opmaak, structuur en PDF automatisch strak zet.

Herken je dat Word-templates, opmaak en revisies soms meer tijd kosten dan het schrijven zelf?

Als je wilt, kan ik kort laten zien hoe het werkt of gewoon een testlink sturen. Geen verkooppitch; ik wil vooral begrijpen of dit in jullie proces past.

Als dit niet relevant is, laat het gerust weten; dan laat ik het hierbij.

Groet,
Dhinesh
WerkCV.nl"
5,Blik op cv.nl,Sophie,blikopcv.nl@gmail.com,Korte vraag over cv-opmaak voor klanten,"Hoi Sophie,

Ik kwam Blik op cv.nl tegen en zag dat je klanten helpt met cv's, sollicitatiebrieven en LinkedIn-profielen.

Ik heb WerkCV.nl gebouwd, een Nederlandse cv-builder speciaal voor de NL arbeidsmarkt. Ik ben aan het onderzoeken of dit praktisch nuttig is voor mensen die cv's voor klanten schrijven: jij blijft focussen op inhoud en tekst, terwijl WerkCV de opmaak, structuur en PDF automatisch strak zet.

Herken je dat Word-templates, opmaak en revisies soms meer tijd kosten dan het schrijven zelf?

Als je wilt, kan ik kort laten zien hoe het werkt of gewoon een testlink sturen. Geen verkooppitch; ik wil vooral begrijpen of dit in je proces past.

Als dit niet relevant is, laat het gerust weten; dan laat ik het hierbij.

Groet,
Dhinesh
WerkCV.nl"
6,Michelle / sollicitatiehulp,Michelle,mvdb.sollicitatiehulp@hotmail.com,Korte vraag over cv-opmaak voor klanten,"Hoi Michelle,

Ik kwam je Marktplaats-advertentie tegen en zag dat je klanten helpt met professionele sollicitatiebrieven en cv's op maat.

Ik heb WerkCV.nl gebouwd, een Nederlandse cv-builder speciaal voor de NL arbeidsmarkt. Ik ben aan het onderzoeken of dit praktisch nuttig is voor mensen die cv's voor klanten schrijven: jij blijft focussen op inhoud en tekst, terwijl WerkCV de opmaak, structuur en PDF automatisch strak zet.

Herken je dat Word-templates, opmaak en revisies soms meer tijd kosten dan het schrijven zelf?

Als je wilt, kan ik kort laten zien hoe het werkt of gewoon een testlink sturen. Geen verkooppitch; ik wil vooral begrijpen of dit in je proces past.

Als dit niet relevant is, laat het gerust weten; dan laat ik het hierbij.

Groet,
Dhinesh
WerkCV.nl"
7,Elffers,,info@elffers.nl,Korte vraag over cv-opmaak in loopbaantrajecten,"Hoi,

Ik kwam Elffers tegen en zag dat jullie mensen in loopbaantrajecten ook helpen om werkervaring te vertalen naar een goed cv en LinkedIn-profiel.

Ik heb WerkCV.nl gebouwd, een Nederlandse cv-builder speciaal voor de NL arbeidsmarkt. Ik ben aan het onderzoeken of dit praktisch nuttig is voor partijen die kandidaat-cv's begeleiden: jullie blijven focussen op inhoud en richting, terwijl WerkCV de opmaak, structuur en PDF automatisch strak zet.

Herkennen jullie dat Word-templates, opmaak en revisies soms meer tijd kosten dan het inhoudelijke werk?

Als je wilt, kan ik kort laten zien hoe het werkt of gewoon een testlink sturen. Geen verkooppitch; ik wil vooral begrijpen of dit in jullie proces past.

Als dit niet relevant is, laat het gerust weten; dan laat ik het hierbij.

Groet,
Dhinesh
WerkCV.nl"
8,Creatief CV,,info@creatief-cv.nl,Korte vraag over cv-opmaak voor klanten,"Hoi,

Ik kwam Creatief CV tegen en zag dat jullie naast templates ook klanten kunnen helpen met het invullen van een cv-template.

Ik heb WerkCV.nl gebouwd, een Nederlandse cv-builder speciaal voor de NL arbeidsmarkt. Ik ben aan het onderzoeken of dit praktisch nuttig is voor mensen die cv's voor klanten maken: jij blijft focussen op inhoud en tekst, terwijl WerkCV de opmaak, structuur en PDF automatisch strak zet.

Herken je dat Word-templates, opmaak en revisies soms meer tijd kosten dan het schrijven zelf?

Als je wilt, kan ik kort laten zien hoe het werkt of gewoon een testlink sturen. Geen verkooppitch; ik wil vooral begrijpen of dit in jullie proces past.

Als dit niet relevant is, laat het gerust weten; dan laat ik het hierbij.

Groet,
Dhinesh
WerkCV.nl"
